text,company
Also me trying to leave five star reviews on Amazon and Amazon saying I can't because I am obviously related to the‚Ä¶ https://t.co/bVY2t6tiCU,amazon
"@rising @brosandprose After NYC passed on Amazon, didn't they agree to break up their hq2 among different cities ac‚Ä¶ https://t.co/PpNDB2yiss",amazon
"I dislike Amazon very much but that‚Äôs my own personal choice. However, if you purchase from there often by going to‚Ä¶ https://t.co/ON44utrIZb",amazon
China used a tiny chip in a huge hack that infiltrated Apple and Amazon https://t.co/426P8wT1mw via @BW,amazon
"@espn If you need copywriters for niches (AdSense Amazon) 

üì¶ Packs of 10 minimum articles. üöê Fast delivery. 

üìñ At a good price! 

‚úâÔ∏è DM",amazon
@JeffBezos -URGENT HELP/INTERVENTION NEED: Amazon is holding payments due to Late Shipments which was already recti‚Ä¶ https://t.co/9O9paQKVpf,amazon
"üíµüí∞
 
Versace Flame Bundle for $66!! ($105 at Macys)
- 3.4oz Bottle
- travel spray

 #Deal #ganga‚Ä¶ https://t.co/3c66K4jmHR",amazon
"THE CUTTER'S WIDOW - A heartrending novel - Buy it here!  ‚û° https://t.co/79gXDFZKiq https://t.co/HxE92MMUPT (Tweet by Calumet Editions)
(=",amazon
SO WE WANT  THEM ALL PUT HOUSES OUT OF OUR ACCOUNTS  PUT OF MAIL BOXES ALL OF IT NO ONE TUCHING MY BULK MAIL OR WAT‚Ä¶ https://t.co/wJrMDRB003,amazon
"@ghud68 Oh crap I haven‚Äôt either... oh well they will have to wait. I have, however, tried out my new wild duck foo‚Ä¶ https://t.co/I5bpMvGSRL",amazon
@AnaVKomarova What happens when a human girl falls in love with a mysterious demon? Maybe their connection is much‚Ä¶ https://t.co/tlUFpXF3Eh,amazon
"Living in a coastal town the sightseeing options are endless!
‚òÖTO SEE THE SIGHTS‚òÖ
- - -
‚úîhttps://t.co/E4eubCjqO1
‚úîA‚Ä¶ https://t.co/b9M3THITjL",amazon
"@AnaVKomarova Hi! üòªüåπ

Repetition tells of a house cursed, ghosts unsettled, &amp; the recently widowed woman who unwitt‚Ä¶ https://t.co/mIvzUuKeTm",amazon
"@JeremyClarkson how would you say the grand tour is going , certainly seems to be a success on amazon prime , my fa‚Ä¶ https://t.co/PytJLpVwlg",amazon
"Brita Tap Water Filter System, Water Faucet Filtration System Back in stock for $15.99!!

 #Deal #ganga‚Ä¶ https://t.co/IMDcaueVS4",amazon
"RGB #Gaming Keyboard and Backlit Mouse Combo for $25.99!!

#freebies #deals #deal #moneysaver #greatdeal #steals‚Ä¶ https://t.co/QrIanv4izh",amazon
"Win an Amazon Echo Dot! The Echo Dot is a hands-free, voice-controlled device that uses Alexa to play music, contro‚Ä¶ https://t.co/K2nqz2IZnU",amazon
"@KamalaHarris @JoeBiden Congratulation smart lady!
Be careful on your fresh speeches not to contradict with Joe &amp; p‚Ä¶ https://t.co/Vd9Hed2ujl",amazon
"""If you don't come with me, she will punish me"" EBONY AND IVORY LESBIANS An interracial tale ‚Äú from Leslie Dominic‚Ä¶ https://t.co/7kB75iZY29",amazon
People are going CRAZY over this #strawberry huller. Check out the how-to videos. https://t.co/pOhjf36GYq https://t.co/lsS6QaoTzQ,amazon
"@cabral_psyd @ChrisJagged @Tanweer_Dar I'm also going to recommend ""Life 3.0"" by @tegmark a Physics prof at MIT. I'‚Ä¶ https://t.co/pbM5mVH316",amazon
Jayson Santos is not only a Private Investigator but also an Immortal Witch! FREE on Amazon!‚Ä¶ https://t.co/U9hTGVHwD9,amazon
"@NBA If you need copywriters for niches (AdSense Amazon) 

üì¶ Packs of 10 minimum articles. üöê Fast delivery. 

üìñ At a good price! 

‚úâÔ∏è DM",amazon
"You will love Ren and Stacey in this fast-paced, steamy romance! Read ""Let Me Love You"" now. #romance #erotic‚Ä¶ https://t.co/Syuo9XcEuy",amazon
"Did you know Facebook, Amazon, Apple, Alphabet and Microsoft (‚ÄúFAAAM‚Äù) now comprise 24% of the S&amp;P 500? To learn wh‚Ä¶ https://t.co/oencWc51Ij",amazon
"VIIcode eye masks are designed for eight hours of continuous use, so you can slip them on before bed and have healt‚Ä¶ https://t.co/xK75f4Sf87",amazon
"@lily_or_liz Not at all! Whether it‚Äôs for confidence or just to see yourself in a different style, it‚Äôs not weird :‚Ä¶ https://t.co/AUPO9KvMlv",amazon
Environmentalists are increasingly concerned that fires in the Amazon are growing at an alarming rate ‚Äì risking the‚Ä¶ https://t.co/ALAGmcEDvf,amazon
"Racing Series Bk 3Sassy, fun, secrets, romance &amp; mystery! CATCH ME IF YOU CAN https://t.co/Uhasvsfpdv #AuthorRT #ebook",amazon
"The Forgotten Daughter (The Girls Who Went To War) 
From #bestselling #author Mary Wood @Authormary
Now on‚Ä¶ https://t.co/sRTezJrgWT",amazon
"""‚≠ê‚≠ê‚≠ê‚≠ê‚≠ê Maggie Mason/Mary Wood is a wonderful writer and I love her books, they have all given me hours of pleasure.‚Ä¶ https://t.co/dPFZVlEKbe",amazon
"‚ô•‚ô•‚ô•‚ô•‚ô•‚ô•20 heartwarming stories in one place to enjoy. THE CAPPUCCINO COLLECTION  'Some funny, some romantic, I finis‚Ä¶ https://t.co/G6CFRwfU3U",amazon
I see a good book. I see a coffee. I see a good day. #inspyromance #christfic #virtuesinvalor‚Ä¶ https://t.co/D4bOxwEYl7,amazon
"It's my book birthday!

Now Available on
Amazon: https://t.co/RNp9Rx3Ba2
B&amp;N: https://t.co/F59zIawO27
Bookshop:‚Ä¶ https://t.co/KgfNXCleDD",amazon
"As more consumers shop for groceries online and retailers like Amazon, Target and Walmart expand their digital mark‚Ä¶ https://t.co/dhbKTQoUT6",amazon
"READ or LISTEN ANYWHERE ~ Cancel Anytime

3 months of Kindle Unlimited for $.99!

No Kindle device required - Read‚Ä¶ https://t.co/H5aG56s3TN",amazon
The latest 13-inch MacBook Pro is $200 off at Amazon and B&amp;H Photo https://t.co/vyceTCtmUK #tech #technews https://t.co/JCDSHxYT6M,amazon
@bookpreneur What happens when a human girl falls in love with a mysterious demon? Maybe their connection is much d‚Ä¶ https://t.co/mC952rjt0T,amazon
Amazon: $8.98 IQ Beauty Nose Hair Trimmer (reg. $14.99; SAVE 40%) https://t.co/zizXgbYoSj #coupon,amazon
"@TheRickWilson Everybody don't forget to fight to save the post office!!!!!

https://t.co/48TJNHkcr3 https://t.co/5yd6gHkwos",amazon
Thank you essential workers everywhere. ‚ù§Ô∏èüöëüöìüöíüì≠  #healthcareworkers #HealthcareHeroes #firefighters‚Ä¶ https://t.co/PO9G7rWUbF,amazon
"@deadprettyroses Micheal is a young man with Asperger's, he never felt powerful, but a dream has shown him a destin‚Ä¶ https://t.co/OSqWu6M5h7",amazon
@amazon You screwed up again. NOT my doorstep! 5th pkg in a row. #YOUREFIRED https://t.co/PCdAP4zkaL,amazon
"@realkeribarker Thank you!

Hi, I'm Anthony, this is my first collection of Poetry: Ocean &amp; Dreams by Anthony Rhead‚Ä¶ https://t.co/56MWhDeDnK",amazon
So Amazon is using a back channel to fund DNC! Isn‚Äôt is against Campaign Finance funding laws? Money laundering! Su‚Ä¶ https://t.co/cgcLB1bfwe,amazon
AMAZON https://t.co/FP2vVcAQvJ,amazon
"Spicetown is sprinkled with culinary street names, stores full of spices, and quaint life-long citizens, but out-of‚Ä¶ https://t.co/ImU63Uhlfd",amazon
Ooooooo you wanna buy me something so bad https://t.co/79BfxBpO1F https://t.co/6fIv2shIGZ,amazon
"$50 Amazon gift card giveaway!!
To enter complete all 3 steps below:
- Like
- Retweet
- Tag a friend in the replies‚Ä¶ https://t.co/vHkpKEDdtg",amazon
Check out I Kall WiFi Tablet with Keyboard by IKALL https://t.co/I1RpIJHqJc via @amazon,amazon
"@DonaldJTrumpJr INSIDE THE MIND OF JOE BIDEN AVAILABLE ON AMAZON!!!! BUY NOW FOR ONLY $9.99
https://t.co/3ao8Ih1LwJ https://t.co/YTcPbKX6U2",amazon
"@AmazonHelp 1) Hanged up on me when on hold;
2) After 45 min. told me to call another number to solve my problem. T‚Ä¶ https://t.co/KwAZ5XkJZw",amazon
All you thriller loves out there get out and buy the new book by @t0mbale . Survive is an easy 5 star ripper of a b‚Ä¶ https://t.co/D49vYES9BT,amazon
Tesla announces five-for-one stock split. Following ‚Å¶@Apple? Only ‚Å¶@Amazon and ‚Å¶@Google‚Å© to follow. @CNBC https://t.co/gp6oDNvGiK,amazon
"Is it lame to have a favorite quote that you wrote? ‚ÄúThe news cycle fizzled out before the flames did, as humanity‚Äô‚Ä¶ https://t.co/pbMPvpN9L5",amazon
"Murder, Romance, Witches, and Werewolves. Not everything is as it seems üòà

 https://t.co/24AaLvcMDb",amazon
"@swamy39  in continuation to my previous tweet , Sir cloudtail being a seller on amazon platform shall have the sam‚Ä¶ https://t.co/Pb8Hrpfy7t",amazon
"@Swamy39 Sir I would like to draw your attention towards relationship between cloudtail india Pvt limited , Amazon‚Ä¶ https://t.co/eXGKZg2q5Q",amazon
@Swamy39 Sir manufacturers are entering into exclusive ties with the amazon promoted cloudtail and those material i‚Ä¶ https://t.co/YSo6MlQdQJ,amazon
"Have you read The Leader Assistant yet? If so, let me know which chapter is your favorite!

If not, grab a copy tod‚Ä¶ https://t.co/KZR3MpmaeB",amazon
Thank you amazon for stopping the hate from W&amp;K and the RF https://t.co/5PYWPQkht5,amazon
Just sorting my weekly Amazon order from and for some reason I‚Äôm going big on @benandjerrys ice cream this week https://t.co/XkpWq1RzUq,amazon
"üì∑ When the one your obsessed with speaks, you hang on every word. https://t.co/Pr36iHO1rz #booklife #writerslife‚Ä¶ https://t.co/YurtA4Xpgo",amazon
@M0rticiaMunster I've been wanting to do this so badly.  I've even gone as far as to research masks.  I found some‚Ä¶ https://t.co/IT1hbuv0Lf,amazon
"So many people crave seductions at all levels.

Challenged by You - A Fusion Universe Novel
‚ù§Ô∏è Now LIVE! Amazon/KU-‚Ä¶ https://t.co/1MrOMyBXB8",amazon
"When the one your obsessed with speaks, you hang on every word. 

https://t.co/Pr36iHO1rz

#booklife‚Ä¶ https://t.co/QTDepgI3S2",amazon
@swingleft You mean the first Jamaican and Indian woman.... just like Obama was the first Keyan and white president üôÑ,amazon
"We are not alone!
Start the ARKLIGHT Ancient Alien Adventure series with ARKLIGHT Revelations.‚Ä¶ https://t.co/M65DUD1V6w",amazon
"Enterprise Bank customers will now be able to use their Amazon Alexa for #voicebanking. The $4.04B-asset, MA-based‚Ä¶ https://t.co/NjfobscRAK",amazon
Shopping online is all the rage these days. Don't forget to use https://t.co/bFAf4dbZPZ when you shop Amazon. A per‚Ä¶ https://t.co/jmwKgDGhsS,amazon
"As Low as $16!!

Levi's Women's Pull-On Jeans, dark black

https://t.co/V4CKChpDqm

#BwcDeals #Deals #dailydeals‚Ä¶ https://t.co/XnBoliuhLC",amazon
#scifi Remembering the golden ages of SciFi - Alan E. Nourse born this date 1928. https://t.co/cPUO1ts163,amazon
"Skin Like Mine (Kids Like Mine) Amazon review
""The way they explain the color of the skin isn't what I was expectin‚Ä¶ https://t.co/UWx4UH5RVz",amazon
"üåπüîÆ  D√©j√† Vu üîÆüåπ

Poppet Laveau, ward of the Cursemonger, is not someone you want to mess with, but one night someone‚Ä¶ https://t.co/kqxkskqGUP",amazon
A frustrated writer and her ambitious teenage prot√©g√© take an illicit summer road trip fraught with racial and sexu‚Ä¶ https://t.co/emJQNF6ydN,amazon
"@paulg @DGlaucomflecken Here is an existing book you may want to consider:

The Price We Pay: What Broke American H‚Ä¶ https://t.co/QErwuQiug4",amazon
@WerewolfMoms If you can they sell whetstone's on Amazon for like $20. it won't turn a cheap knife into a chefs kni‚Ä¶ https://t.co/I7VmqSdiot,amazon
"Read any 'Behind The Smile - The Story of Lek, a Bar Girl in #Pattaya'? Did you know there are now 6 vols? https://t.co/PjUbK9kufp #Thailand",amazon
"CRAZY Kindle Unlimited offer below:

Enjoy unlimited access to over 1 million books

Read anytime, on any device wi‚Ä¶ https://t.co/Z8pUlN4ESC",amazon
"She had a score to settle!
‚òÖWIPE OUT‚òÖ
ü¶âAmazon: https://t.co/Lqqf68hW6O
ü¶âSmashwords: https://t.co/mKL3meUEOA‚Ä¶ https://t.co/Yinc4uvdTA",amazon
I never had anyone to love me my heart broken so many times a game i couldn't win THEN ALL A SUDDEN i met him and l‚Ä¶ https://t.co/WM9ySCDaYJ,amazon
The previous occupant of my apartment has not updated her delivery address on amazon and is really lucky I‚Äôm a good person,amazon
You and I can #win if you help me -- @Jennifer_estep is giving away Amazon GC @FreshFiction has the details! https://t.co/skCOoh3QfG,amazon
"üíÄSMOKEüåπ

Poppet Laveau's memories are gone. Someone stole them from her and only the Mind Mage can bring them back.‚Ä¶ https://t.co/NLcn6VHlin",amazon
"""Truly terrifying! ...Clarke really delivers with THE MEADOWS, a genuinely scary book with plenty of tension and gr‚Ä¶ https://t.co/DAVDpoAi0P",amazon
"We gave a lot of content warnings for ISLAND OF DEATH in our episode on THE DESCENT last week, so don‚Äôt say we didn‚Ä¶ https://t.co/LIaaLwxQVU",amazon
"Small task available! Buy me something small off of my wish list! 

vyxenmistress@gmail.com‚Ä¶ https://t.co/TMzld9Zl4U",amazon
"STEAL!! 

2 pack of Smart Light Bulbs, $16.79!

Use promo code; 30SZ415U

https://t.co/DrMrgq2cBq https://t.co/O8CoSXfcyL",amazon
Amazon PMO üòí,amazon
And I ordered my Biden/Harris 2020 shirt from Amazon.,amazon
@Amazon_Queenn This won't fly far... #ENOUGHISENOUGH,amazon
"Detangler Brush with Edge Brush for $8.99!!!

Use code üëâ O69OBLIE

 #Deal #ganga

 https://t.co/1R5iRsXkZU https://t.co/BZJ8r5qidk",amazon
Forexlive Americas FX news wrap: Gold and silver tumble. Stocks reverse lower. Dollar higher.‚Ä¶ https://t.co/eWyY32W9v8,amazon
"üíÄCURSE OF THE CROWüîÆ

Kate Devereaux was the most promising and powerful witch in her family, right up until her wed‚Ä¶ https://t.co/5UGZP9XH5P",amazon
Amanda Flynn‚Äôs life is falling apart. Her spineless cheating husband has taken her beloved children. Her paedophile‚Ä¶ https://t.co/kHAQnJaMM5,amazon
"We present: a strAnger @a_str_Anger - Everywhere, at https://t.co/tLAdpa4XjY - Listen also on https://t.co/JhAeag4iFN",amazon
"Romance, magic, treachery - what an exciting adventure! Read ""Wings of Deception"" now. #romance #paranormal‚Ä¶ https://t.co/Br5JggeEbN",amazon
Watch this sneak peek webinar preview to hear how Morningstar achieved faster deployments &amp; significant outage redu‚Ä¶ https://t.co/J0028D0341,amazon
"Detangler Brush with Edge Brush for $8.99!!!

Use code; O69OBLIE

https://t.co/GfKmulLhPN https://t.co/F5vugLNfsy",amazon
"#Romance #writers - do you have the right #keywords to show in the best categories?

https://t.co/O7ybnDs1MF",amazon
*DISNEY WORLD* WYNDHAM BONNET CREEK Resort 2 Bedroom Sep 3 - 6 2020 (3 Nights) https://t.co/qrjTYhFpgF,ebay
WYNDHAM BONNET CREEK *Disney World* August 27th (6 Nts) 2 BR PRESIDENTIAL SUITE https://t.co/1t6tkUBhJs,ebay
WYNDHAM BONNET CREEK *Disney World* August 14th (7 Nts) 4 BR PRESIDENTIAL SUITE https://t.co/t9AgsXL6JC,ebay
Check out Big Sticker LOT Over 40 New Packs Animals Baby Sports Halloween Alphabet Barbie  https://t.co/zjZsPnGwfM via @eBay,ebay
Check out Bounty Coconut Chocolate Candy bar X 20 #Bounty https://t.co/8SyGGMSWHg via @eBay,ebay
Look gorgeous with easy to use temporary eye #tattoos #makeup #eyes https://t.co/QrnjQa07Hu  https://t.co/EHFAENVvW5,ebay
"Sale $7.95 https://t.co/jlM6nq3dlq Jimmy Men Dress #tie 3.75"" wide 60"" long Multi Col https://t.co/JAKCxA62Ve",ebay
"Summer Clearance Sale! Over 100 Domain Names, Active Auctions on Ebay, Come check them out.  @eBay! https://t.co/UArYjn7OTm via @eBay",ebay
2020 Cook Islands Tortoise Ultra High Relief Antiqued 1 oz .999 Silver Coin (999 Mintage). In Stock! #Silver‚Ä¶ https://t.co/7eoGxd6Vdq,ebay
"@FUNimation @superm Since this is popping off,I'm selling kpop Merch on eBay! Please check out my listings (I ship‚Ä¶ https://t.co/ivg7WiMaMV",ebay
2004  AFA U 9.25 Boba Fett Vintage Collection Return of the Jedi   https://t.co/Q9eWrghS0m https://t.co/srmklNO4K6,ebay
Check out Huge Sticker LOT Thousands Over 6 LB Letters Numbers Disney Harry Potter Holiday  https://t.co/Som1DfLrRB via @eBay,ebay
Check out Snickers Chocolate Candy Bars X 20 #Snickers https://t.co/5lYSSiOrXR via @eBay,ebay
Check out Glittered Wooden #Halloween #Ornament~Weird Tales~Vintage Image~Handmade  https://t.co/jG8tYqm3IM via @eBay,ebay
"@Autumn___Rose Pro nouns in bio, mental illness...mental illness...blah blah. They are like clones.",ebay
Brand New #HandmadeInUK Black Agate Bead Ohm Charm Bracelet. ¬£8. Free UK shipping from UK seller. We ship worldwide‚Ä¶ https://t.co/Kn9L5Y8iUF,ebay
"Summer Clearance Sale! Over 100 Domain Names, Active Auctions on Ebay, Come check them out.  @eBay! https://t.co/LNRmU4ulXM via @eBay",ebay
Check out Glittered Wooden #Halloween #Ornament~Girl &amp; Jack O'Lantern~Vintage Image~Handmade  https://t.co/7ZNPY3F5HV via @eBay,ebay
"Summer Clearance Sale! Over 100 Domain Names, Active Auctions on Ebay, Come check them out.  @eBay! https://t.co/RAvhNHuNyO via @eBay",ebay
"@Amymummery @KKNTeachLearn @MrsBallAP https://t.co/qqWTvBHDOt I use this folding trolley from EBay, with this curve‚Ä¶ https://t.co/aiKku8rqv5",ebay
Check out 1995-96 Jaromir Jagr - Card 1 #PittsburghPenguins https://t.co/S1QqRGVe3C via @eBay,ebay
Check out Fire and Light Pumpkin Candy Dish Textured Recycled Art Glass Thanksgiving #Eclectic‚Ä¶ https://t.co/Cu9ri3Ab9N,ebay
Check out Glittered Wooden #Halloween #Ornament~Pumpkin Heads No 1~Vintage Image~Handmade  https://t.co/rHE3vDvS24 via @eBay,ebay
Sale $7.50 https://t.co/ZMf0q5uJgl PURITAN Men Dress #tie Red Gray Print Polyester 3. https://t.co/Dg8Dw95u09,ebay
Tweeted for OldBaloo: Anthropomorphic Jam Jelly Condiment Green Apple Face Dish w/Lids Japan  https://t.co/kPTezIzlyx via @eBay,ebay
"Summer Clearance Sale! Over 100 Domain Names, Active Auctions on Ebay, Come check them out.  @eBay! https://t.co/O6RvsLyYGm via @eBay",ebay
"eBay so people can bid on it! If you have a pic of them signing it, that‚Äôll filter out the super skeptics that‚Äôll a‚Ä¶ https://t.co/Vaf3crWyO7",ebay
Check out Vintage Oriental Chinese Mud Man Figurine Fishing Pole Line Fish https://t.co/5emfK3bhXV @eBay,ebay
"@funkmacker I only buy official merch, and you can only really find it second hand on eBay",ebay
"Here is @FWMediaTweets's Replin profile:
‚≠ê 5.0 Rating (1,084 Reviews)
‚úÖ Verified on eBay: fregroldsworld (741) 99.6‚Ä¶ https://t.co/qs5VO3p1qu",ebay
"@jemilysupremacy Ninth House by Leigh Bardugo, I snagged the Waterstones edition off eBay a while ago",ebay
Check out Glittered Wooden #Halloween #Ornament~Little Witch &amp; Bats~Vintage Image~Handmade  https://t.co/kbia8nGW6c via @eBay,ebay
"Empire Strikes Back (2nd series) Trading card  #159 (1980, Topps)

$1.65 - Buy now w/ PayPal:‚Ä¶ https://t.co/U6dobUfLkW",ebay
Can @McLarenF1 please send me a few signed photos and I will not put them on EBay.  Thank you.  Other teams can als‚Ä¶ https://t.co/KOVNaVOGek,ebay
WARNER BROS STUDIO STORE-LEPRECHAUN TWEETY BEAN PLUSH-8 INCH-NEW/TAGS-1999-RARE! | eBay #WARNERBROSSTUDIOSTORE‚Ä¶ https://t.co/EL596ckSP8,ebay
Tweeted for OldBaloo: Lot of 4 Collapsible Storage Bins Can Be Used With Cube Organizers #Mainstays https://t.co/YV17es5wvd via @eBay,ebay
"#Nintendo64 games lot #eBay #RetroGaming #RetroGames #RetroGameSearch
üîó https://t.co/bXUTbxqBdQ https://t.co/0FsjBJdfKN",ebay
For Sale: 1996 Celebrity 18' Bowrider &amp; Trailer - Texas https://t.co/kPf8ORaYYk &lt;--More,ebay
For Sale: 2008 Alumacraft V-Hull 14' Aluminum &amp; Trailer - Wisconsin https://t.co/4OAhIouEv6 &lt;--More,ebay
For Sale: 2015 Jeep Wrangler Rubicon Sema Built 6.4L Redline 15 Wrangler Rubicon Sema Built 6.4L- ONLY 3900 miles!!‚Ä¶ https://t.co/Gfnn4YefvB,ebay
"#JESUSLOVESYOU / #BOYGEORGE
#ONEONONE
#12"" #VINYL #PROMO #DANCE EX/EX https://t.co/QJkqTh4rrx via @eBay_UK #moreprotein #music #ebay",ebay
For Sale: 1980 Glastron Spirit 28' Sailboat - Louisiana https://t.co/uAyDNR3ccG &lt;--More https://t.co/ooakvLgWxy,ebay
Imagine Owning These nike SB eric koston MID PREM mens trainers 705325 001 sneakers shoes https://t.co/2Eqv285d1g‚Ä¶ https://t.co/VdnZBQm10y,ebay
For Sale: 2011 Harley-Davidson Road King Classic Harley Davidson Road King Classic only 774 Original Miles‚Ä¶ https://t.co/5zL0qZMv57,ebay
For Sale: 2017 Porsche 911 S 2dr PDK Automatic Petrol Coupe https://t.co/I5Hovl6Ib7 &lt;--More,ebay
@iAm_erica Scam. I bought a brand new laptop on eBay. S.m.a.r.t info on the SSD showed it had been powered on like‚Ä¶ https://t.co/AhtjnTgLb1,ebay
"Summer Clearance Sale! Over 100 Domain Names, Active Auctions on Ebay, Come check them out.  @eBay! https://t.co/oF2p0uYDuj via @eBay",ebay
For Sale: 2017 Porsche 911 S 2dr PDK Automatic Petrol Coupe https://t.co/Bfjl3xxu1b &lt;--More,ebay
Imagine Playing This Nintendo 3DS XL Blue/Black Handheld Console (Model SPR-001) https://t.co/4jn0NxaOlH #gaming‚Ä¶ https://t.co/s8790moTAB,ebay
NEW MBS MOUNTAIN BOARD SKATEBOARD BMX KNEE PADS ~ SIZE M ~ NO RES #mountainboarding on Ebay https://t.co/KfMnABKyD4,ebay
"ON SALE  NOW! LAST '3'
1.6 0Z SPRAY+SHOWER GEL+COSMETIC BAG #GUERLAIN https://t.co/jaUN1wXnxl via @eBay",ebay
New Balance Men's 857v2 Suede Shoes Navy: List Price: $129.99 Deal Price: $48.88 You Save: $62% https://t.co/EauiWA9k5a,ebay
"Callaway Strata Men's 12 Piece Complete Set - Steel, RH https://t.co/tv9Uj1mIEF #golf",ebay
Ad for eBay MERCEDES-BENZ 190E 2.0 AUTO * MODERN CLASSIC * NOT BARN FIND * ONLY 33000 MILES https://t.co/I98UfEfzBA‚Ä¶ https://t.co/jPdg6afaVt,ebay
For Sale: Damaged Mercedes E350 Agarde CDI Blue https://t.co/rKHOF0qTnE &lt;--More,ebay
For Sale: Citroen Picasso Xsara SPARES OR REPAIR Failed MOT Collection North Cornwall https://t.co/YgGpG4N0Vt &lt;--More,ebay
For Sale: Conway Tardis Hard Top Trailer Tent Caravan https://t.co/79H2BjWEXD &lt;--More,ebay
For Sale: Roma touring caravan gt701 fixed bed hobby fent showmans https://t.co/QUN4WdgmXn &lt;--More,ebay
Check out 1989-90 O-Pee-Chee #320 Wayne Gretzky Los Angeles Kings #LosAngelesKings https://t.co/uDoCjgQZOG via @eBay,ebay
"@brooksbreaks1 I‚Äôm sure they have come, but there are vultures that have nothing better to do than stake out a Targ‚Ä¶ https://t.co/HecbRcmcn7",ebay
Look athletic shorts SALE Nike Reebok Under Armour Addidas https://t.co/XxKkfOldn5‚Ä¶ #baseball #football #soccer‚Ä¶ https://t.co/pHZzabeL0D,ebay
"2019-20 Panini Revolution Cosmic Tyler Herro BGS 10 #ebay #bgs10 #panini #nba 
https://t.co/7sLdOwNKfR",ebay
"Tweeted for OldBaloo: 100 Foam Stickers Christmas Santa, Reindeer, Candy Canes Gingerbread Men Etc NIP  https://t.co/EqGyd1oFkM via @eBay",ebay
"Summer Clearance Sale! Over 100 Domain Names, Active Auctions on Ebay, Come check them out.  @eBay! https://t.co/6BrH3G0HBq via @eBay",ebay
"Raise FREE donations for Bedfordshire Muntjacs Baseball EVERY time you shop online using @easyuk. Over 4,000 shops‚Ä¶ https://t.co/BLNRMQQHt9",ebay
"@cjcheesecake Can‚Äôt find it on amazon or eBay,  must be a wish product! ü§£üëç",ebay
Sale $7.95 https://t.co/HywkPfdnkm Henry Grethel Men Dress #silk #tie Italian #silk M https://t.co/alYIxFp8OB,ebay
"@BungalowBILLcom And yes, ebay is great. And there are other sites and apps that have popped up recently, especiall‚Ä¶ https://t.co/eIICvthS3L",ebay
@baekake I'm teaching you how to win at Ebay,ebay
"Free stock chatroom link below
https://t.co/YHrcEVs6rn  

$AMZN $AAPL $AMD $FB $BOXL $BA $PFE $MCD $UPS $MMM $SINT‚Ä¶ https://t.co/CTyfDS77Ip",ebay
"Check out Lot of 2 Quilted Standard Pillow Cases Shams, size 35"" X 20 ""  https://t.co/DOP3Bmy6ig via @eBay",ebay
@JerseysFC77 Our Managed Payments experts would have the most up to date info on time frames for any corrections. I‚Ä¶ https://t.co/A0Mqcddxzm,ebay
"Summer Clearance Sale! Over 100 Domain Names, Active Auctions on Ebay, Come check them out.  @eBay! https://t.co/esBueHUbx0 via @eBay",ebay
Check out Antique Cased Yellow Over White Glass Oil Kerosene Lamp Font Victorian Floral  https://t.co/lA7L6MFBoT via @eBay,ebay
Does anyone know how to use eBay? https://t.co/c4TJ0TZEFd,ebay
Check out summer men's SALE https://t.co/XxKkfOldn5‚Ä¶ #chicago #Boston #houston #dallas #omaha #kansascity #mobile‚Ä¶ https://t.co/0MmCrZcW2f,ebay
@AntHustle_Love People can outbid each other on eBay so it keeps going up!!,ebay
Elvis Presley 45 Lot Epa-5121 Peace In The Valley 4 Variations Orange Dos Dot Nm  https://t.co/I87zFgwchd https://t.co/02RVMygqxM,ebay
"Check out Lot of 2 Quilted Standard Pillow Cases Shams, size 35"" X 20 ""  https://t.co/NSUrvSli2j via @eBay",ebay
"Womens Set of Retro Stud Earrings Pearls Beads | #ebayseller #leeds #london #manchester 
https://t.co/8pH9onntY6
(T‚Ä¶ https://t.co/2nyaYOJvQK",ebay
Local pickup only.  https://t.co/0zQ16PkUnd,ebay
Check out San Francisco 1987 Gold Rush Ceramic Stein with Goldtone Lid Ceramarte Man Cave  #Avon https://t.co/x518rMqN66 via @eBay,ebay
"2018 Topps Chrome Ronald Acuna Jr. BGS 10 #ebay #bgs10 #acuna #toppschrome 
https://t.co/9k7xJlu4cl",ebay
when i just want to get a autographed aoa album and my only choices are to either deep dive into shady ass websites‚Ä¶ https://t.co/5d2DVPWJLZ,ebay
Buy #Nike Nike Jordan Proto Max 720 BQ6623-002 Metallic Silver/Gym Red NEW Size 11 Mens AUTHENTIC üèÄüëüüèÄüëüüèÄüëü‚Ä¶ https://t.co/QQM2gKgAjx,ebay
Check out Antique Family Bible 1852 CR Leather Genealogy Weddings Deaths Church Cargill  https://t.co/KX034Ljqsg via @eBay,ebay
Check out Willie Stargell youth jersey Mitchell &amp; Ness size 36(S) #MitchellNess #PittsburghPirates https://t.co/NQJ3xjmW2N via @eBay,ebay
"Check out VINTAGE Solid Brass HORSE on green Marble base Statue 8 1/4"" inch Tall from base  https://t.co/po5UFmDDFC‚Ä¶ https://t.co/95kn38Elrj",ebay
"Sale $7.95 https://t.co/N91StvFvqs Taylor #tie Slim #wool Men Neckwear 1.5"" wide 57"" https://t.co/Zl509k7EaB",ebay
"See @SellinBaseball's reputation:
‚≠ê 5.0 Avg Rating (263 Total)
‚úÖ eBay Verified: nomarfan11 (600) 100%

üõçÔ∏è Pay Secur‚Ä¶ https://t.co/UiZPuVb8rp",ebay
Check out Nike Kyrie 2 Offers Considered https://t.co/A3pWGeAr2G @eBay,ebay
Imagine Owning These Under Armour Slingshot Baltimore Sneaker Show Size 12 https://t.co/9sJUwOgFKd #fashion #style‚Ä¶ https://t.co/APb9D3Slvy,ebay
Imagine Owning These VERSACE JEANS Black Leather Trainers Size UK 8 EU 42 Men‚Äôs Sneakers New In Box‚Ä¶ https://t.co/RV7iSmwXD7,ebay
"See @FWMediaTweets's reputation:
‚≠ê 5.0 Avg Rating (1,084 Total)
‚úÖ eBay Verified: fregroldsworld (741) 99.6%

Safely‚Ä¶ https://t.co/w9mV2RjPBk",ebay
"Check out Ty Plush My Little Pony Rainbow Dash Sparkle Stuffed Animal 7"" 2016 Blue Rainbow #Ty https://t.co/DVeemK5TPu via @eBay",ebay
"Empire Strikes Back (2nd series) Trading card  #179 (1980, Topps)

$1.65 - Buy now w/ PayPal:‚Ä¶ https://t.co/7VI6Yr6Oi0",ebay
@MericaCards @eBay Hey those work,ebay
"Jordan 1 Retro High Obsidian UNC
Size: 13.0

Savings: $59.95 (13.98%)
Lowest Market Cost: $428.95 (StockX)
Seller R‚Ä¶ https://t.co/KnK6vhuwhs",ebay
"Are you looking for #Amazon &amp; #eBay #photo #editing service provider? I am here to provide photo editing service 
H‚Ä¶ https://t.co/cW9ETMljQW",ebay
"Jordan 1 Retro High Obsidian UNC
Size: 13.0

Savings: $59.95 (13.98%)
Lowest Market Cost: $428.95 (StockX)
Seller R‚Ä¶ https://t.co/4LJwsiubeE",ebay
@shopify_dev @ShoePalace can I have the version of phantom you have please,shopify
@shopify_dev @ShoePalace Blocked by CF be hitting different,shopify
Thanks as always @ShoePalace for the Limit One Per Customer shoes and the fairest and most advanced system. I‚Äôll se‚Ä¶ https://t.co/uPIvlRjBO6,shopify
@soundslikecanoe @jmbolling That‚Äôs the exact data questions we set out to answer at Peel for Shopify founders and C‚Ä¶ https://t.co/Fe4CyepxK4,shopify
"Versa ERP on Shopify app store- accounting, SCM, reporting, BI and a lot more!
Starting US $ 29/mo-now only! 14-day‚Ä¶ https://t.co/oH6WHE4B3n",shopify
@immarkwilliam Pro tip - Shopify has a chrome plugin to help you figure out what pages are slowing you down and fix it,shopify
"Replay: The ins and outs of Shopify SEO 

READ MORE: https://t.co/w1iqGSAehi

#business #ContentMarketing #martech‚Ä¶ https://t.co/4gVo9PnJpD",shopify
‚≠ê‚≠ê‚≠ê‚≠ê‚≠ê 5 star review from Nancy M. https://t.co/bIzYTDEyIO,shopify
"Wix, Squarespace and Shopify are just a few options. Check out our latest blog post and see which one works for you‚Ä¶ https://t.co/0KldFFNwcy",shopify
@CanadaKaz @howardlindzon @Shopify I still don‚Äôt have it!,shopify
"Can somebody please help me with my Shopify website, it‚Äôs a lot that I gotta redo.",shopify
"@Alex_Danco @howardlindzon @Shopify Twitter's blocking replies feature fails its first ""is this useful"" test. :)",shopify
@Alex_Danco @Shopify @CanadaKaz Ill block him!,shopify
Wax Clothing - Men's summer t-shirt - Hip hop inspired original designs - unisex designer clothing - cotton blend M‚Ä¶ https://t.co/rWwqQ2Csrl,shopify
@howardlindzon @Shopify No one tell  @CanadaKaz,shopify
Excited to have @Alex_Danco on 'Panic With Friends' tomorrow to talk about his new role @Shopify running Shopify Mo‚Ä¶ https://t.co/8X3JgIt6OK,shopify
@__yeile Shopify really fumbling the bag,shopify
"@dens @Shopify Another day of DMCA take down notices, thank you @Shopify for speedy work. On the other hand‚Ä¶ https://t.co/e6lEwfg3ND",shopify
"@kvlly @JoeBiden @Shopify haha, politician websites are shit worldwide right?",shopify
"@kvlly @JoeBiden @Shopify Hey @JoeBiden Team, let us know if we can help!",shopify
@kvlly @JoeBiden @Shopify They still hosting Breitbart‚Äôs store?,shopify
is that some (bad) teasing of an interesting Shopify product move? https://t.co/DyninaA0hl,shopify
I like hearing the sound of shopify ding üòç,shopify
If only @JoeBiden was using @Shopify for his store... https://t.co/zTP6JcvJXB,shopify
@Unlimited_Cop If they work on shopify and footsites I‚Äôll run em,shopify
I give up on Shopify. I couldn‚Äôt even buy a purse.,shopify
"Telfar sis, get up off Shopify. 

Better yet, Shopify fix your fucking platform.",shopify
"Congrats @coda_hq, @shishirmehrotra, and team! Love the new extensibility points and interoperability with Shopify,‚Ä¶ https://t.co/C0lNCUTVHt",shopify
"Why do we choose Shopify?
üí≤ Built for sales
üòç Responsive &amp; customisable
üõ†Ô∏è Inbuilt marketing tools
üì≤ Sell anywhere‚Ä¶ https://t.co/Yx8JhiSv4q",shopify
@_maya_green_ Megan's sister-in-law is working from home for a company called Shopify and says they're a great comp‚Ä¶ https://t.co/9Mxq8us80g,shopify
Not Shopify,shopify
Creating Moments of Delight for Brand Loyalty https://t.co/nnETOHCawQ #BrandLoyalty #BrandLoyaltyStrategy‚Ä¶ https://t.co/ePcone8Rd2,shopify
@bacanadian0 When you figure out that cloud flare allows IPV6 üòåü§≤,shopify
"Versa ERP on Shopify app store- accounting, SCM, reporting, BI and a lot more!
Starting US $ 29/mo-now only! 14-day‚Ä¶ https://t.co/aBFCNznwrY",shopify
cannot believe i went to print my final batch of shipping labels and shopify is down-,shopify
"@ChartMogul there's now well over 3,000 Shopify apps, it would be great if you guys could add support for app devel‚Ä¶ https://t.co/WLAq7LAS7M",shopify
stop it https://t.co/k9d6bYi5fN,shopify
"I had a chat with the folks at @betterproduct_ to talk about my journey into #ProductManagement, my transition from‚Ä¶ https://t.co/2HTNzI8rsa",shopify
Thank you @commercetea for this wonderful interview! And for the intro to #SEO @Shopify app @venntov! Thx to‚Ä¶ https://t.co/vz6yEUIGTq,shopify
@washedchino Look who isn‚Äôt Shopify anymore well well well,shopify
@Shopify President David Palmer https://t.co/Ai3dMsSaXE,shopify
@michaelperry @Shopify Let me know how I might be able to help!,shopify
"@Joshmedia Double 

WhatsApp is the future Shopify :)",shopify
"Tips on Choosing a Perfect Theme for Your #Shopify Store ‚Äì by @MailMunch https://t.co/slbGqI5Keh #eCommerce

You do‚Ä¶ https://t.co/VKDc3edjbj",shopify
"Ultimate Shopify Dropshipping Mastery Course  

Length: 7 hours
Rating: 4.31
Students: 24563
Last update: June 2020‚Ä¶ https://t.co/rIkxQxFeCB",shopify
"If #Shopify #migration is on the horizon, get all the #eCommerce migration-related questions answered in the post b‚Ä¶ https://t.co/BJEvFPMy4w",shopify
"Go. Ebay just shot themselves in the foot anyway, with Managed  Payments. You should have done this years ago. https://t.co/x2lXgm1DZK",shopify
Check out my Gig on Fiverr: create 100k shopify dropshipping store or shopify website https://t.co/VjwRWJzcHf https://t.co/DVWPNY4Zuz,shopify
@Shopify Stringer Bell,shopify
"@charliesmithvcr @georgiastraight @Cinecraig See i told you about shopify
and opentext. Ones 721$ and ones 129 I th‚Ä¶ https://t.co/ReLC88AStS",shopify
Take Part in Boom Boom London Shopify Weekend Lucky Draw . This magnificent unisex perfume could be yours. https://t.co/r7EMxbrzyn,shopify
".@Shopify asks on Twitter for anyone who wants a Shopify marketplace to reply...

Caveat: Only @ mentioned accounts‚Ä¶ https://t.co/9upil9YO2i",shopify
"Hi,
Always save yourself from this corona epidemic.
Are you looking for photo editing? Yes, this is the right place‚Ä¶ https://t.co/B6hrcpUe0J",shopify
A+ trolling from Shopify https://t.co/9wsZETfsCp,shopify
Fiverr Gigs Promotion - FiverrBox - I will do complete SEO for your ... - https://t.co/aFHaYFBNlh #FiverrBox‚Ä¶ https://t.co/JdtyVU8PQv,shopify
Full Stack Engineer / Shopify¬†Developer https://t.co/8mb6epeHZs,shopify
"@BigBucksBryant @gumroad Mannnn Stock Market Gems EASY!!! 

@DontezAkram Shopify course is pretty üî• as well no lie! 

What‚Äôs yours?",shopify
"Looking to build an eCommerce site for your small business, but unsure where to start? Let's chat! üõçÔ∏èüíª‚Å£‚Å£

As a trus‚Ä¶ https://t.co/MRfSOAY0Vf",shopify
#remotejobs: Fostr: Front End Developer (Shopify) https://t.co/mUy7yeSNbg,shopify
Go Digital Canada is a central resource hub that makes it easier for Canadian entrepreneurs to get online and grow‚Ä¶ https://t.co/jr1dk141pZ,shopify
"eCommerce merchants, attention pleaseüòÉ

How will you find the best dropshipping suppliers in 2020?

Read here:‚Ä¶ https://t.co/LFO5Ay26i9",shopify
Keep reading to learn more about how to sell on Pinterest with Shopify and the suggestions recommend for improving‚Ä¶ https://t.co/AqAhivAJcQ,shopify
"@alicegoldfuss Hey #MozillaLifeBoat talents, @Shopify üí´üëã would love to meet you!

üåé Remote work
üõí Help business own‚Ä¶ https://t.co/QYkNPx7xJ5",shopify
"@jabbawy @privy @Shopify This is amazing to seem as someone who was this level of merchant, it's great to see a pro‚Ä¶ https://t.co/585TpxPXV3",shopify
Building a Shopify store is cool and all but am I the only one that gets a headache after working on one? ü§ï,shopify
@neeshat6 one of the factors that its gonna be shopify in two days?,shopify
WooCommerce VS Shopify Which Ecommerce Platform is¬†Best? https://t.co/V68PzNBkIr,shopify
"@RosemaryOrchard @SpokeDesign Poking around, there is no error logging on the back end via Shopify so we aren't see‚Ä¶ https://t.co/rKlu3KTrap",shopify
"""The Ontario Digital Service (ODS) is proud to have worked closely with CDS, Health Canada, the Ontario Ministry of‚Ä¶ https://t.co/tggrSEkGaN",shopify
"@KermitCapital Answering your question, I don't think so. Stripe success comes hand in hand with Shopify success.‚Ä¶ https://t.co/uRmJwlOK5r",shopify
@breezybeee__ Girl tryna show her how to order via Shopify was the funniest. Gotta love the support though lol,shopify
"@KermitCapital On this assumptions, Shopify nets a 0.1% on processed through Shopify Payments. But numbers don't qu‚Ä¶ https://t.co/u0hYNhUVu7",shopify
Woocommerce or Shopify? #ecommerce #dropship #dropshipping #ecommercedevelopment,shopify
@Shopify you‚Äôre having issues with your two factor authentication and my team hasn‚Äôt been able to log in all day üò≠,shopify
"Finally made my Shopify public üôÉ still working on my site , but yea ... check it out üëÄ https://t.co/34RzmWXKv4 ü•∞",shopify
@KermitCapital That refutes Stripe claims that they get higher margin that what people believe. I wouldn't be surpr‚Ä¶ https://t.co/1it8Jlzzqe,shopify
Take a peek at why @OMERSVentures is all-in on the Western Canadian startup scene! We tend to think they‚Äôre experts‚Ä¶ https://t.co/SY2tbAZ7DA,shopify
Fiverr Gigs Promotion - FiverrBox - I will I will promote affiliate ... - https://t.co/JbLX50aC3m #FiverrBox‚Ä¶ https://t.co/pwewMavfz2,shopify
@veganstraightedge @github @eileencodes We didn't use bootboot at GitHub. Maybe you're thinking of this? https://t.co/4wOUeCk2Np,shopify
COMPLETE Shopify Tutorial For Beginners 2020 ‚Äì How To Create A Profitable Shopify Store From¬†Scratch https://t.co/6lt3F3PbB8,shopify
"When programming is life....

#100DaysOfCode #javascript #Python  #programmer #webdesign #webdevelopment #Website‚Ä¶ https://t.co/1jVVIcIh44",shopify
@sadiqgonii @Shopify It's not because i will be the CEO of myself üòÇüòÇ,shopify
Why Incorporate eCommerce Into Your Business Plan?  The stats speak for themselves. #ecommerce #shopify #hybris‚Ä¶ https://t.co/IjN4EcyBsF,shopify
"Slouch Beret Hat, Hand Crocheted -Green, Pink, Blue, Brown, or Off White https://t.co/Xu8FPoEnyh #CoutureService‚Ä¶ https://t.co/xWGjXCIJ2L",shopify
Only legands can reply (including @Shopify being biggest legand),shopify
"@semisweetscribs If you Shopify your own site my understanding is they assist with the e-commerce setup etc, but of‚Ä¶ https://t.co/ihivPuPVJS",shopify
@jabbawy @privy @Shopify What a news! Congrats!,shopify
"4 Hacks for Finding Dropship Vendors for Your Shopify Store

https://t.co/MTWEHoxy2r

#shopify #dropshipping‚Ä¶ https://t.co/FEC56THtNo",shopify
create chatbot for messenger shopify and wordpress website https://t.co/OqnNLWwxbe https://t.co/iKpdpJYXoP,shopify
create chatbot for messenger shopify and wordpress website https://t.co/P2AzzFmymK https://t.co/1EauUzTnG3,shopify
create chatbot for messenger shopify and wordpress website https://t.co/Banl4PwaBy https://t.co/te8jNe88tb,shopify
Misconfigured Circuit Breakers https://t.co/aAtDhZPzuV #Misconfigured #Breakers,shopify
Worried about handling Freight shipping? Use the Shopify FedEx app to ship heavy products with FedEx Freight shippi‚Ä¶ https://t.co/ldCrygXL1s,shopify
@shopify please add a solution for small boutique hotels to become independent from booking .com,shopify
create chatbot for messenger shopify and wordpress website https://t.co/Ucmkg0Uayc https://t.co/2WrLN7jueM,shopify
@chaylenhijra I never heard of shopify....,shopify
Did Shopify really copy your no comment post like 14 minutes later? @mkobach,shopify
create chatbot for messenger shopify and wordpress website https://t.co/95CoORAA2C https://t.co/D5QOuDOVhq,shopify
@KRawls_83 Same idk who to pick between wix and Shopify,shopify
Expert Digital marketer: create chatbot for messenger shopify and wordpress... https://t.co/SX3pLcs3VY https://t.co/jaVrhaASjz,shopify
"Alibaba
Tencent
ByteDance
Huawei

Shut. Them. DOWN. The technological arm of the PLA in the CCP's ""Unrestricted War‚Ä¶ https://t.co/ACfaTG4ZQZ",alibaba
New research shows that Amazon is still ‚Äòleaps and bounds ahead‚Äô in the cloud infrastructure market https://t.co/MDlVC7OU1G,alibaba
"Alikou (Alibaba &amp; Kougyoku) Cherry blossom event featured in the cellphone game Magi: Dungeon &amp; Magic.
#alikou #„Ç¢„É™Á¥Ö https://t.co/DShZMRU6Kg",alibaba
MF0017G  Watches Men Luxury Brand MINI FOCUS Quartz Fashion Leather Watch Man Chronograph Male Wristwatch Men relog‚Ä¶ https://t.co/CPpvhnWhXp,alibaba
@AlessioUrban Bullish for Amazon and alibaba,alibaba
"New research shows that Amazon is still 'leaps and bounds ahead' in the cloud infrastructure market, but 'formidabl‚Ä¶ https://t.co/eaviYUHnNb",alibaba
"New research shows that Amazon is still 'leaps and bounds ahead' in the cloud infrastructure market, but 'formidabl‚Ä¶ https://t.co/9Jv7hLUiW3",alibaba
"https://t.co/FbGno4YF3e
Fabrics for Kidswear and Fashions https://t.co/ldaCCExSBi",alibaba
@MyersZombie1 Maybe Walmart or Amazon or Aldos would like to buy African Amazon or Maybe Alibaba would like to buy‚Ä¶ https://t.co/6VR4F4q6Wf,alibaba
@asemota Alibaba was talking about the disappearance of 3 ships filled with crude in night of a Thousand laughs. Ob‚Ä¶ https://t.co/R526dnSEk3,alibaba
"Our XAG drones and vehicle are used in the ALIBABA Digital Agriculture in GUANGZHOU China, to push agriculture AI a‚Ä¶ https://t.co/ZE5CVdVFFa",alibaba
"We looking for partners #business #investors #investment

Please send us
requestüì©to:

advertisingondigitalplatforms‚Ä¶ https://t.co/dQB2EmW9UZ",alibaba
"Please JDM, you‚Äôre not like that. Don‚Äôt follow king Promise Emperor AliBaba Nana Addo into the drain. As for this o‚Ä¶ https://t.co/jkYnE0y6q0",alibaba
"LIVE SHOW NOW ‚Üí
https://t.co/NPesGvuf9Z https://t.co/yBNkVFqUZb",alibaba
I‚Äôll have to put of our promise till a while later‚Ä¶Just wait a bit!,alibaba
RIGHT STUFF IND. https://t.co/3n2Vpod6nt https://t.co/KgPOfYHzOD,alibaba
"#Alibaba online travel unit #Fliggy partners with #Ascenda to enhance loyalty rewards for 300 million members

https://t.co/Km3tEChtan",alibaba
"@asemota Used to be that Alibaba, I go Die and their generation didn't mind doing political jokes and addressing so‚Ä¶ https://t.co/RUwedHKqFK",alibaba
Check out this product on Alibaba App barber salon Man Safety Shaving Set Double Edge Open Razors Long Handle Shavi‚Ä¶ https://t.co/MbofSDCivV,alibaba
"what would the US adding Tencent, Baidu and Alibaba to the ""entity list"" do to their businesses and share prices?",alibaba
Check out this product on Alibaba App DOUBLE EDGE SAFETY RAZOR SHAVING BARBER SALON TRADITIONAL RASOIR‚Ä¶ https://t.co/Uq7Sl7gPac,alibaba
Blog post by @TelAvivUni  Ehud Kamar  and yours truly about our new paper probing how #JackMa controls‚Ä¶ https://t.co/H5jVd9v1h3,alibaba
"Aladdin, no!",alibaba
@ffzlm Microsoft and alibaba are 2 good ones if you want to let money sit,alibaba
"C-H-O-O-Y-A

We are humbled to bring to your notice that @Chooyagroup has been selected as one of the top 10 finali‚Ä¶ https://t.co/mdpDD3fDKY",alibaba
#MBO Get the connection - Alibaba‚Äôs Ant could be bigger than some Wall Street banks ‚Äî What you need to know about t‚Ä¶ https://t.co/xv9bndFnvE,alibaba
"First episode impressions:
-Great OP/Ost
- Love Aladdins character design, cool powers
- Alibaba seems interesting‚Ä¶ https://t.co/Q2LIGDfETC",alibaba
#Alibaba: A Case Study of Synthetic Control https://t.co/cWoM0Orvpf #corpgov https://t.co/y3qYzX7QDQ,alibaba
#MBO Payments group MobilityOne said its Malaysia unit had entered into a service contract with #Alibaba business‚Ä¶ https://t.co/JMkVC1tO9r,alibaba
#MBO https://t.co/ihAO53rQnj Co Ltd to offer Alipay's payment acceptance service to MobilityOne's merchants in Mala‚Ä¶ https://t.co/zUB9EsnKyO,alibaba
not Alibaba telling everyone how much he loves Toto while Morgiana is sitting right there,alibaba
@AmericaFor1 Cool that you're but you probably shouldn't use a pic from an Alibaba advert as your profile pic. https://t.co/Y9GQbqi7kc,alibaba
"Also see How #jackma controls #Alibaba üëá

https://t.co/cm1pKJf2yf

#Total (China) Investment Partners With #Alibaba‚Ä¶ https://t.co/g4rEWQffyz",alibaba
@magiwrld I've got u (:&lt; https://t.co/O9AhZ1Ibfo,alibaba
"Michelle Martinez Owner; Bellalicious Bath and Body LLC. Holistic products made w/CBD. ""I‚Äôm extremely aware of Chin‚Ä¶ https://t.co/w80xLEnchq",alibaba
"People ask me where I got these pictures. The one about Tencent from https://t.co/RRJz17NJWT, the one about Alibaba‚Ä¶ https://t.co/efIjXx4EGh",alibaba
"@RickyDLaw This is actually a very good scenario. Weird how it‚Äôs not going that way already. 
For Alibaba it‚Äôs a ma‚Ä¶ https://t.co/aNXrigiUi5",alibaba
"With the amount of products the chinese market produces, at how cheap they are and the already existent Chinese goo‚Ä¶ https://t.co/1KZOG0ucbh",alibaba
@vsvitrix @NBBlackSheep i got a list of good alibaba suppliers when i get home!,alibaba
@SantaSurfing17 @nytimes Wasn't Alibaba the company selling Adrenocrome also?,alibaba
"I just got these vendors and connects and don‚Äôt use them. I think I‚Äôm going to offer my vendors list again, the cal‚Ä¶ https://t.co/HvxyloJSd5",alibaba
@NaijaMusicBill1 @realmiriamcole @Ochemercy3 @999KISSFMABUJA @chiamakaobi_ @chukaobi @wetalksound @Olamideofficial‚Ä¶ https://t.co/SSr1D3qk9M,alibaba
"@jasonthacker @jbwester @ERLC Tik Tok is small change compared to https://t.co/pxHDTuWIbZ, the Amazon of China.

Th‚Ä¶ https://t.co/TwuNfpROUU",alibaba
"Now you have heard of Alibaba and the 4O thieves and the story about the 40 virgins. Brad Hennig, the writer who pl‚Ä¶ https://t.co/hE2hw4wcLw",alibaba
"Alibaba, UAE-Backed Tesla Competitor Set To IPO In The U.S. https://t.co/0l7PB8Zn4a",alibaba
Alibaba WHAT IS THE MEANING OF THIS? ü§¶üèª‚Äç‚ôÄÔ∏è https://t.co/fp0F1mv6Ho,alibaba
@LoveMurungi üòÇüòÇüòÇüòÇüòÇ just know. Alibaba and his thieves won't let us have.... Anyways z it will end.,alibaba
"Alibaba, UAE-Backed Tesla Competitor Set To #IPO In The US https://t.co/cFbFQp6tSU https://t.co/qM8Ty4ag72",alibaba
Alibaba Cloud announces business expansion in Southeast Asia - https://t.co/FAvnGORglM https://t.co/2gFNccsoJp,alibaba
Will E-commerce in Africa ever hit the levels of Amazon or Alibaba??,alibaba
"@Jessicalessin yes no doubt

i was a yahoo shareholder when alibaba/china/jack ma took alipay from yahoo.

i was an‚Ä¶ https://t.co/F5aVPIxV0h",alibaba
Alibaba is nightmare to China‚Äôs SME,alibaba
Men's Steel Toe Work Safety Shoes Casual Breathable Outdoor Sneakers Puncture Proof Boots Comfortable Industrial Sh‚Ä¶ https://t.co/Vp4NDj534b,alibaba
Men's Steel Toe Work Safety Shoes Casual Breathable Outdoor Sneakers Puncture Proof Boots Comfortable Industrial Sh‚Ä¶ https://t.co/ZeSEkCru0C,alibaba
@CNN @FOXNews @FEC @JoeBiden's campaign has received at least $1.6M from overseas addressees including more than $1‚Ä¶ https://t.co/mcYGpnNvQj,alibaba
Outdoor portable sports 600D bag zipper nylon mesh drawstring bag for wine  https://t.co/tXFLG8hOfc https://t.co/99zDt0JhpV,alibaba
"What the citizens want isn't a king, but to live happily.",alibaba
Square orange large beer 2mm foam aluminum seafood cooler wine bag https://t.co/LQ87XX49Bf https://t.co/KaMpjs16Qt,alibaba
High capacity custom printing logo drink wine pvc tote bag https://t.co/Ydo1v4DNTO https://t.co/moGoz1uR9S,alibaba
"# SoftBank‚Äôs shares are trading at around a 50% discount to its net assets, including stakes in Chinese e-commerce‚Ä¶ https://t.co/BT2G0LFX1z",alibaba
"The ECA chief also emphasized ongoing partnership among the ECA and Chinese enterprises, such as Ant Financial -- a‚Ä¶ https://t.co/i86IMxLEMq",alibaba
Noting the anti-COVID-19 medical and Personal Protective Equipment support from the Chinese government and enterpri‚Ä¶ https://t.co/mrkbrTySAt,alibaba
"@darazpk let's see publicly how responsive are you and how you deal with this test case...

#LateDelivery‚Ä¶ https://t.co/urBUiJvy2N",alibaba
"New article: ""Alibaba, UAE-Backed Tesla Competitor Set To IPO In The U.S."" has been published on Fintech Zoom -‚Ä¶ https://t.co/b0OmzNsQLC",alibaba
@nsylianteng Sure you're right... I was just not clear on your question if you meant an American platform like Alib‚Ä¶ https://t.co/5v07Eo3Xf2,alibaba
"Fall Ripped Hollow Out Flare Pants 
SupplierÔºöYuanhao Company 
WhatsApp +86 13811043652
Web:https://t.co/mvHtj1Cs1h https://t.co/LCGTaJ4bv7",alibaba
@lucavergano What is Aliexpress in comparison to Alibaba? Aren‚Äôt they both a platform for Chinese suppliers?,alibaba
"A Perfect #Guide to the Types of Digital Marketing

https://t.co/iVPD9pDcRI

#DigitalMarketing #Amazon #Alibaba‚Ä¶ https://t.co/gfDf7piKHt",alibaba
"Chinese electric car start-up Xpeng Motors has filed for an IPO on the New York Stock Exchange

https://t.co/m1Mdud4jnr",alibaba
"@BarstoolBigCat I'll order that Alibaba if you want. If it shows up you can pay me half. Like for an order, retweet‚Ä¶ https://t.co/koqaX9G8Vu",alibaba
"#Alibaba, UAE-Backed Tesla Competitor Set To IPO In The U.S. #crudeoil #CL_F $CL_F #WTI #Brent",alibaba
"Alibaba, UAE-Backed Tesla Competitor Set To IPO In The U.S. https://t.co/TeYEJ7NoZL",alibaba
@nsylianteng As in Aliexpress or a platform like Alibaba?,alibaba
"Alibaba, UAE-Backed Tesla Competitor Set To IPO In The U.S. | https://t.co/N9JIMAxjol #Xpeng  https://t.co/2BrP8EhM0m",alibaba
"New post: ""Alibaba, UAE-Backed Tesla Competitor Set To IPO In The U.S."" https://t.co/vfAF4pRmMn",alibaba
@RickORox1 @Nanamyra3 @SenTedCruz @SecPompeo @realDonaldTrump Great now do the same thing for Russian owned investm‚Ä¶ https://t.co/eOM65TqML9,alibaba
"Grab best deals with #AlibabaCloud Object Storage Service (OSS) in Middle East region. 
Alibaba Cloud #OSS provides‚Ä¶ https://t.co/Z4NJt3Aprj",alibaba
@artoriacaster i really didnt like both of them at first but i warmed up to aladdin a bit while alibaba......... i just hate that guy.,alibaba
Don't you think so?,alibaba
"@LegalKant It might be Huawei, Alibaba or Tencent.",alibaba
"@wesbury @jjauthor No worries, they can always purchase what they need with their $174,000+ dole via Alibaba (made in Chiner).",alibaba
Is there an American Alibaba?,alibaba
Like not even Sinbad I'm shook.... I only found 1 decent looking Alibaba shirt so I bought it but damn wtf,alibaba
ALIBABA DID THAT WHAT THE GECK,alibaba
Threat on hxxps://turretpursuit[.]com/Godsplans1dls/super1[.]zip #phishing #opendir  @alibaba_cloud,alibaba
"$BABA Alibaba is still the most powerful cloud https://t.co/v1m3Ve75pP 

It could pass $FB Facebook in market cap this year.",alibaba
@GCPcloud @alibaba_cloud @AWS @Azure I paid. Please do not gives others login with my account. If you do not how to‚Ä¶ https://t.co/P1D6Ke84hJ,alibaba
@ImIncorrigible Not legal yet. Will be. I almost imported 5000 of them from Alibaba last month. Didn‚Äôt because regs‚Ä¶ https://t.co/43mVMfs9b1,alibaba
China website Alibaba sells ‚Äúchildren adrenochrome‚Äù https://t.co/vhiziyy9ng,alibaba
"Why to #my #Cloud account at diffrent places at world in same moment multi login possible?
#Banking #artists‚Ä¶ https://t.co/mbPJk16OpP",alibaba
China website Alibaba sells ‚Äúchildren adrenochrome‚Äù https://t.co/CJNeLq0I23,alibaba
